fecha,inicio,fin,minutos_totales,km,cal_activas,cal_totales,altitud,vel_promedio,hr_segmentos,z1,z2,z3,z4,z5,temperatura,humedad,pedaleadas,esfuerzo,modalidad
2022-11-26,2022-11-26 09:28:00,2022-11-26 09:49:37.873769,21.631229481443896,4.815371069120499,296.42814819693336,322.42664314601353,41.41658432216612,13.35671947796951,"[141, 140, 147, 147, 127]",5.8,3.8,1.5,10.0,0.5,6.259972906767617,83.55655353628026,1293,muy facil,solo
2022-12-03,2022-12-03 11:46:00,2022-12-03 12:08:12.619421,22.21032367511439,4.607101092053619,344.9171464622845,423.91099961069176,31.343392655025436,12.445836880483617,"[139, 139, 139, 136, 136]",4.7,2.4,0.1,11.7,3.4,23.44811500828737,63.54981617804415,1458,muy facil,solo
2022-12-10,2022-12-10 08:13:00,2022-12-10 08:33:00.000000,20.0,4.97728442948282,315.4972813176076,347.97378108969895,35.24241632855206,14.93185328844846,"[140, 141, 143, 130, 142]",4.4,0.2,9.7,3.1,2.6,27.802413914310087,71.10260605755595,1459,facil,solo
2022-12-17,2022-12-17 07:24:00,2022-12-17 07:45:16.590120,21.276502004244044,5.253085486870539,296.0663340645088,324.5217875629946,25.821227947130392,14.813766339474508,"[144, 141, 144, 137, 139]",8.1,9.2,0.5,2.8,0.8,13.396522686322879,47.885082711471085,1619,facil,solo
2022-12-24,2022-12-24 11:26:00,2022-12-24 11:46:00.000000,20.0,5.520844265859079,319.34584982823594,354.70994919391535,27.842081876539382,16.562532797577237,"[139, 144, 149, 143, 141, 134]",0.4,11.3,1.1,5.3,2.0,19.575709465145174,41.16836736041232,1796,facil,solo
2023-01-07,2023-01-07 08:50:00,2023-01-07 09:13:54.260700,23.904344994574416,5.647455995879608,346.3287372981158,377.522940831278,23.145128958631716,14.175136772402041,"[138, 138, 146, 138, 126, 141]",7.3,2.5,5.4,7.4,1.3,10.996910882709717,36.59259520335255,1564,facil,solo
2023-01-14,2023-01-14 08:53:00,2023-01-14 09:16:42.238104,23.703968402848904,4.912444923703973,309.55635682503504,344.7912816610957,18.53527193258384,12.434487357265194,"[138, 139, 146, 133, 141]",0.7,3.1,3.3,0.4,16.1,17.090145443473475,60.40911989892304,1461,muy facil,acompañado
2023-01-21,2023-01-21 08:55:00,2023-01-21 09:24:07.422815,29.123713590860458,5.637309584112915,322.74499050692805,364.81197847008326,34.05205305878188,11.613854599673036,"[147, 140, 137, 132, 140, 134]",6.9,0.8,16.1,3.5,1.8,23.65531892876658,51.27044404652956,1831,muy facil,acompañado
2023-01-28,2023-01-28 06:10:00,2023-01-28 06:35:01.246638,25.020777291905546,5.215024012299129,323.9343699833647,399.4159870800785,16.43254974231806,12.505664276032475,"[143, 141, 144, 134, 133]",5.8,9.2,4.4,4.1,1.5,24.600803329496465,79.34106429739174,1673,muy facil,solo
2023-02-04,2023-02-04 06:23:00,2023-02-04 06:48:57.548696,25.959144933149283,5.830806239638814,308.77409724768575,385.18210379515244,31.68631243450534,13.476883590706402,"[140, 138, 137, 134, 144, 145]",16.9,1.5,1.7,3.1,2.8,13.317641380014509,59.83971268051946,1695,muy facil,solo
2023-02-11,2023-02-11 11:54:00,2023-02-11 12:20:01.129656,26.018827604750996,5.100511308788421,327.28391377031596,401.6498410334292,24.133540876236452,11.761893470996538,"[140, 132, 147, 142, 131]",2.9,2.2,5.2,5.6,10.1,28.854338601188992,71.12453256435776,1664,muy facil,acompañado
2023-02-18,2023-02-18 10:48:00,2023-02-18 11:12:04.235797,24.070596618778954,6.235665863668997,386.8223817011551,465.64227672411783,17.82543023095976,15.543443220192149,"[137, 134, 147, 136, 135, 144]",2.4,3.5,7.4,5.2,5.6,8.688775948934778,68.99010483005652,1834,facil,solo
2023-02-25,2023-02-25 07:54:00,2023-02-25 08:17:51.125211,23.852086841712655,5.184569816772805,319.40438102776824,376.0952036797091,8.16734378545581,13.04180179582275,"[142, 132, 150, 134, 146]",0.6,4.3,0.4,18.3,0.2,9.186123651649094,84.00124885707922,1644,muy facil,acompañado
2023-03-04,2023-03-04 07:21:00,2023-03-04 07:47:39.795525,26.66325875535899,5.135906223464233,347.72549562605417,384.01807057523865,14.890555327130379,11.557265982948119,"[136, 142, 133, 130, 136]",13.7,2.5,7.5,0.9,2.2,9.977009206946992,34.44801316394587,1459,muy facil,acompañado
2023-03-11,2023-03-11 09:52:00,2023-03-11 10:20:31.200968,28.520016129867287,5.285351396052772,325.2712036192373,350.90360102411483,22.71061748742263,11.119246297727882,"[151, 137, 139, 139, 137]",8.0,4.3,9.7,0.4,6.2,31.446784272780732,39.64316484391362,1328,muy facil,acompañado
2023-03-18,2023-03-18 07:47:00,2023-03-18 08:11:45.134477,24.752241277907093,6.129038876332421,395.48821504747457,418.3717504992966,15.015933772935544,14.856930669473478,"[156, 140, 145, 148, 142, 145]",9.0,6.6,0.9,0.0,8.2,26.625630956424793,67.244258831064,1813,facil,solo
2023-03-25,2023-03-25 06:32:00,2023-03-25 07:00:14.619191,28.24365318528438,5.990117151818666,372.49327716813576,431.58236347960303,24.468901447740677,12.725231638815746,"[132, 146, 134, 148, 134, 146]",5.0,6.9,5.2,10.2,0.9,12.038752262369384,57.28205998613734,1829,muy facil,solo
2023-04-01,2023-04-01 07:44:00,2023-04-01 08:12:32.756761,28.545946022156013,5.876380494899658,302.57429128283326,356.6855083078308,33.89566338614964,12.351415133354536,"[141, 145, 144, 134, 136, 144]",7.1,10.8,1.1,2.4,7.2,15.198679926759961,59.388011044180985,1702,muy facil,acompañado
2023-04-15,2023-04-15 06:21:00,2023-04-15 06:47:13.862486,26.231041429938504,5.9105096330508875,339.5369290130759,416.94498212066327,29.840235445630903,13.519500509739565,"[146, 151, 138, 141, 142, 148]",11.2,6.5,6.7,0.9,1.0,24.05745006472475,83.27585691857742,1802,muy facil,acompañado
2023-04-22,2023-04-22 07:43:00,2023-04-22 08:11:34.002988,28.5667164708319,6.068069876446727,322.91251497849356,366.71161109574865,16.165124738052384,12.745048698843373,"[142, 139, 131, 145, 139, 149]",15.0,1.1,4.9,1.8,5.9,15.20566493330087,68.7796400363163,1637,muy facil,solo
2023-05-06,2023-05-06 08:38:00,2023-05-06 09:02:26.436549,24.440609144721,6.023346847514701,379.4586153815828,443.91704703622287,0.8509263039047781,14.786898669787947,"[137, 128, 140, 136, 147, 139]",6.0,7.1,5.6,4.7,1.1,31.40331805636531,60.58027712534215,1661,facil,acompañado
2023-05-13,2023-05-13 11:20:00,2023-05-13 11:51:01.252930,31.020882163182694,6.2163051733815715,400.9228552858833,462.66777662496037,24.062266850499284,12.023459179557621,"[140, 145, 133, 144, 139, 133]",3.9,6.3,5.6,14.9,0.3,14.540510156703427,62.101086151797965,1592,muy facil,solo
2023-05-20,2023-05-20 06:35:00,2023-05-20 06:59:15.712827,24.261880448807343,6.3587429376415905,370.39552364757554,400.152540008269,29.705238200132108,15.725268165570006,"[144, 140, 140, 139, 142, 135]",6.3,4.5,7.7,3.3,2.5,15.28405312903758,83.34529187980317,2018,facil,acompañado
2023-05-27,2023-05-27 10:32:00,2023-05-27 10:55:02.592372,23.0432061960528,6.029611854400599,348.5677230782379,420.45106565354115,19.445150417023264,15.69992943629549,"[139, 132, 133, 143, 146, 148]",2.2,10.6,7.4,1.0,1.9,14.670393386886694,36.2456675709796,1831,facil,acompañado
2023-06-03,2023-06-03 07:53:00,2023-06-03 08:24:08.675064,31.144584404641687,6.8153788564198905,373.7839294686434,427.4402077607666,31.53245186428456,13.129818207631915,"[148, 145, 138, 139, 132, 148, 145]",15.6,3.8,1.1,0.2,10.5,14.40289760962911,58.26942190378959,2131,muy facil,acompañado
2023-06-10,2023-06-10 09:29:00,2023-06-10 09:59:47.325992,30.788766536874444,6.694464213019025,373.9756164667542,450.94685388621275,2.966175606448452,13.045922196983124,"[140, 140, 140, 135, 143, 144, 139]",2.9,18.2,3.2,1.9,4.7,17.796964287097552,66.71567561865649,1765,muy facil,acompañado
2023-06-17,2023-06-17 07:50:00,2023-06-17 08:19:09.210167,29.153502780134534,6.2822923520298435,328.3755314160956,370.23172307898017,18.08467176086707,12.929408310367402,"[145, 137, 137, 143, 138, 134]",4.5,7.6,0.3,10.4,6.4,18.082120600157577,64.00401243416627,1755,muy facil,solo
2023-06-24,2023-06-24 07:44:00,2023-06-24 08:17:12.039415,33.20065691122112,6.26464643185601,366.05270062172815,387.8810297857438,26.510650566703042,11.321426166851584,"[142, 134, 133, 141, 139, 130]",15.2,3.3,3.8,0.8,10.1,14.587816188541229,65.68525621603668,1806,muy facil,solo
2023-07-01,2023-07-01 09:46:00,2023-07-01 10:19:36.280902,33.604681704377995,7.044084703116155,405.69079613448037,448.4171536915577,39.86136406226883,12.576970253877077,"[143, 139, 139, 129, 144, 141, 149]",3.0,16.7,6.8,2.0,5.0,27.16325977514052,69.51514989601046,2062,muy facil,solo
2023-07-08,2023-07-08 07:50:00,2023-07-08 08:22:34.588624,32.57647706040648,6.470762283623214,371.66038913343004,449.7400331236841,10.903070498515472,11.917978002884405,"[144, 144, 141, 145, 132, 137]",8.9,5.1,8.2,9.8,0.6,19.81228418433014,60.19070889389375,1722,muy facil,acompañado
2023-07-15,2023-07-15 07:19:00,2023-07-15 07:45:47.015943,26.783599055572058,6.900707633619543,349.9235537473362,415.5372253407174,12.76660917548766,15.458805859440135,"[153, 142, 137, 141, 140, 146, 142]",1.6,1.3,8.1,5.4,10.3,8.773854168909816,73.73970215229396,1836,facil,solo
2023-07-22,2023-07-22 11:34:00,2023-07-22 12:08:47.001386,34.78335642713489,6.573704655753922,370.1381135317763,411.66794257918644,40.75400798645439,11.339396764986773,"[131, 139, 141, 149, 142, 139, 145]",13.7,3.2,11.0,3.8,3.1,29.474746996042768,64.33308977526957,1704,muy facil,solo
2023-07-29,2023-07-29 11:02:00,2023-07-29 11:29:21.995644,27.366594072976344,6.306424126266047,380.53568402078974,408.892008380593,25.093781163361058,13.826545114344595,"[147, 145, 136, 141, 138, 143]",4.1,12.0,8.3,0.9,2.0,14.236207215329502,75.1691517569607,1632,muy facil,solo
2023-08-05,2023-08-05 09:44:00,2023-08-05 10:19:24.059179,35.40098631586084,6.719037519411988,348.40066366965357,416.2383856164268,15.725920575505246,11.387881895937399,"[138, 137, 134, 132, 148, 144, 140]",8.2,8.1,6.5,7.6,5.0,9.140487884134165,62.24264076092385,1951,muy facil,acompañado
2023-08-12,2023-08-12 06:32:00,2023-08-12 07:07:07.691063,35.12818438381468,7.067729987169607,386.3134343139744,448.74775237277834,22.238840242791312,12.071896304027714,"[136, 140, 141, 146, 132, 148, 140]",1.5,7.8,8.5,5.0,12.2,26.677043112146308,30.25476126525316,1955,muy facil,solo
2023-08-19,2023-08-19 09:24:00,2023-08-19 09:57:55.161407,33.91935679015774,6.433275007238512,305.1391622853208,380.24644578167886,15.565201075147112,11.379829600610645,"[141, 146, 137, 136, 137, 141]",21.8,2.5,7.7,1.6,0.3,31.339615523434418,55.24439434093571,1895,muy facil,acompañado
2023-08-26,2023-08-26 11:27:00,2023-08-26 11:58:08.753717,31.145895285448784,6.548111450541863,366.68059081659106,404.65634552257967,11.291353523536715,12.614396967296894,"[133, 146, 139, 132, 144, 142, 150]",4.1,11.9,3.2,4.7,7.3,19.430309063945664,56.459837161317225,1897,muy facil,acompañado
2023-09-02,2023-09-02 08:03:00,2023-09-02 08:39:52.171608,36.869526792505404,6.923553619488291,370.09128115195807,406.3359615405713,25.27764760931661,11.267115509975568,"[140, 141, 137, 137, 141, 140, 143]",12.6,6.4,0.3,2.1,15.4,11.430935088261617,35.46927660176398,1865,muy facil,acompañado
2023-09-09,2023-09-09 11:31:00,2023-09-09 12:04:14.413430,33.24022383806502,7.120395601546527,383.0650001894209,426.8960119665282,9.189366724001026,12.852613092320896,"[144, 132, 150, 135, 137, 147, 132]",3.9,25.5,0.1,1.0,2.6,12.237718302217658,64.32818993170237,2013,muy facil,solo
2023-09-16,2023-09-16 11:08:00,2023-09-16 11:39:32.375505,31.53959175124801,6.936523329512327,392.84953704126286,460.8408523981018,19.690417493634268,13.195839789342582,"[138, 139, 134, 141, 133, 144, 151]",6.5,0.3,3.7,9.2,11.8,27.403028700094445,41.35316994683318,1740,muy facil,acompañado
2023-09-23,2023-09-23 10:26:00,2023-09-23 11:05:21.166484,39.35277473937915,7.636160033549763,422.31389354396686,482.2160940167422,1.591257686683548,11.64262507656186,"[134, 134, 144, 133, 137, 147, 136, 144]",12.1,0.8,3.0,22.1,1.4,17.85336085937569,66.50191409494565,2481,muy facil,acompañado
2023-09-30,2023-09-30 10:55:00,2023-09-30 11:27:20.356731,32.33927884627394,7.382270059299408,354.17315182276167,377.2587006318167,45.60084538268795,13.696539297103053,"[140, 151, 141, 133, 139, 143, 143]",3.9,14.1,1.1,0.7,12.5,23.756804713069524,44.96798254764795,2194,muy facil,acompañado
2023-10-07,2023-10-07 08:36:00,2023-10-07 09:10:02.517380,34.04195633258778,7.182126434297397,400.84453441796893,464.7780276025426,21.196056688870694,12.658719782368214,"[133, 141, 145, 142, 143, 140, 146]",9.2,6.0,6.6,10.6,1.6,27.8028337604469,47.55052602837906,2271,muy facil,solo
2023-10-14,2023-10-14 06:13:00,2023-10-14 06:51:09.525161,38.15875267887303,6.878452023290663,381.98196745261345,409.2159805992502,22.22133771633713,10.815529660274748,"[138, 138, 146, 145, 142, 134, 144]",5.4,16.8,0.9,4.9,10.1,5.658821102026526,77.85543806455115,1731,muy facil,solo
2023-10-21,2023-10-21 10:12:00,2023-10-21 10:52:43.362693,40.72271154822771,7.298425988678472,381.975104119123,436.82053655276263,14.447760008712383,10.753349732178293,"[132, 139, 143, 145, 133, 144, 140]",6.2,10.0,1.9,8.1,14.5,8.35981404701512,82.60286336576837,2290,muy facil,solo
2023-10-28,2023-10-28 10:42:00,2023-10-28 11:18:33.031696,36.55052826471057,7.482201735525672,388.06117384324824,461.1131125311384,28.315427577092827,12.282506585957691,"[142, 144, 138, 139, 140, 144, 147]",20.0,6.0,0.3,2.3,8.0,10.840748621986945,58.50432016720157,2228,muy facil,solo
2023-11-04,2023-11-04 06:58:00,2023-11-04 07:41:51.690765,43.86151274396957,7.278776111875158,365.3222913347944,434.27227883423143,24.71415556386404,9.95694264495139,"[138, 139, 142, 143, 144, 151, 140]",3.7,3.7,11.1,13.0,12.5,15.062589959332477,44.28645810681794,2240,muy facil,acompañado
2023-11-11,2023-11-11 07:17:00,2023-11-11 07:54:36.306496,37.60510826638464,7.344716610289149,388.0936742900067,459.1660891329328,-14.808088287600839,11.718700382290278,"[137, 144, 139, 144, 147, 145, 144]",6.7,13.0,3.2,8.5,6.2,23.83172946507066,67.40774244681651,2199,muy facil,acompañado
2023-11-18,2023-11-18 11:59:00,2023-11-18 12:38:53.918746,39.898645759049444,7.594014105929998,413.9805319784171,443.6261257413156,11.83064329012764,11.419957687472529,"[142, 141, 134, 145, 144, 152, 139, 142]",15.0,15.7,6.2,0.1,3.0,25.547753367554755,59.76966182718607,2483,muy facil,acompañado
2023-11-25,2023-11-25 09:59:00,2023-11-25 10:41:28.292159,42.471535982007744,7.3888316049098695,373.60985546647834,439.8611019789377,24.917930553996126,10.438282629627533,"[138, 151, 147, 150, 138, 140, 139]",19.3,1.2,9.7,8.1,4.2,27.10721237064153,43.88798123286102,1847,muy facil,solo
2023-12-02,2023-12-02 07:45:00,2023-12-02 08:29:34.815575,44.58025957577861,7.853489823357613,395.3766549696568,421.5082721512799,20.88952272609702,10.569911298979397,"[147, 143, 142, 139, 149, 136, 135, 146]",13.7,2.8,14.4,11.6,2.1,10.409696875815241,77.7467547419792,2412,muy facil,solo
2023-12-09,2023-12-09 07:14:00,2023-12-09 07:58:10.817349,44.18028915242921,8.454663862362267,378.23832244955355,407.7930667463094,18.413445041314137,11.482039648756887,"[135, 149, 149, 143, 133, 138, 139, 134]",6.5,0.2,13.7,3.0,20.9,20.937126349911807,53.82857119344106,2779,muy facil,acompañado
2023-12-16,2023-12-16 06:07:00,2023-12-16 06:52:27.825171,45.46375284557811,8.338846790213637,400.7699645181508,444.5026695509489,32.15155008871754,11.005048551804306,"[145, 142, 137, 141, 139, 138, 135, 141]",16.8,13.1,7.1,7.6,0.9,28.8284041171292,34.53796939422317,2634,muy facil,acompañado
2023-12-23,2023-12-23 07:21:00,2023-12-23 08:01:03.514679,40.05857798102397,7.989634830380514,380.1655378022878,449.4519814828798,21.017640729876256,11.966927284585978,"[140, 134, 145, 148, 144, 140, 153, 144]",16.6,0.7,12.5,5.0,5.3,21.131848291062113,73.11079043803741,2304,muy facil,acompañado
2023-12-30,2023-12-30 06:59:00,2023-12-30 07:47:43.777969,48.72963282118468,7.739143514953331,397.5695757956482,421.190700835082,13.485819963855516,9.529080849042009,"[139, 144, 147, 156, 141, 137, 145, 136]",15.1,1.8,27.3,3.0,1.5,23.366162545644865,33.97091249385467,1953,muy facil,solo
2024-01-06,2024-01-06 06:06:00,2024-01-06 06:50:53.569930,44.89283216408021,8.2273138306494,403.4681771846211,467.0983213705996,15.16813537700626,10.995938684259173,"[149, 133, 151, 141, 150, 133, 138, 145]",2.6,2.8,26.9,0.3,12.3,10.687879103152998,64.26316209599156,2472,muy facil,acompañado
2024-01-13,2024-01-13 06:34:00,2024-01-13 07:18:08.269429,44.13782381328005,7.8071098077093515,422.94399922140997,479.05532224113045,6.144149135173114,10.612815675829092,"[148, 149, 133, 150, 146, 143, 138, 137]",15.9,11.8,1.6,12.7,2.3,28.165628855913056,30.496672227125263,2319,muy facil,solo
2024-01-20,2024-01-20 09:55:00,2024-01-20 10:34:07.280811,39.12134685623378,7.578114611425016,378.4003053875014,412.48074768319447,18.49580145538167,11.622475022560453,"[146, 144, 142, 138, 135, 148, 133, 144]",5.5,8.2,15.1,2.2,8.2,26.108338905815792,68.7962076761712,2165,muy facil,solo
2024-01-27,2024-01-27 11:43:00,2024-01-27 12:20:56.301736,37.93836226586529,7.895065317483456,398.2615100215619,477.46308884299157,16.78376863954037,12.486145704692646,"[139, 142, 137, 137, 149, 151, 140, 142]",1.2,23.9,6.0,4.6,2.2,11.864063657232318,58.69515256499172,2190,muy facil,acompañado
2024-02-03,2024-02-03 11:19:00,2024-02-03 12:05:00.020605,46.00034342394465,7.880194742622714,407.1134114980642,438.41435652400025,12.792095810635614,10.278438145556304,"[144, 141, 141, 145, 139, 143, 144, 142]",1.4,17.3,1.5,5.7,20.1,29.804300518824615,63.033524840042986,2563,muy facil,solo
2024-02-10,2024-02-10 11:52:00,2024-02-10 12:36:25.270952,44.42118253265158,8.401755460314893,446.35134020441046,487.2657602389287,23.424277652212748,11.34830949735193,"[136, 138, 140, 148, 145, 141, 145, 145]",1.9,10.1,25.0,7.0,0.5,15.143150800806614,46.32781010081544,2536,muy facil,solo
2024-02-17,2024-02-17 10:14:00,2024-02-17 10:58:25.543407,44.425723449939795,8.601434564934303,446.7633417265379,500.5696773674454,28.748344382691315,11.616829931370708,"[131, 144, 136, 141, 150, 145, 142, 142, 136]",12.7,11.0,8.2,0.2,12.3,11.643880787545953,56.218251127263756,2421,muy facil,solo
2024-02-24,2024-02-24 11:45:00,2024-02-24 12:30:14.516576,45.24194293599711,8.36762535891026,405.41270021706697,431.49794992401996,25.530732764404796,11.097169771087563,"[132, 143, 149, 145, 138, 134, 141, 141]",9.2,4.1,4.6,5.1,22.3,23.390182057054535,39.979109123259484,2443,muy facil,acompañado
2024-03-09,2024-03-09 06:41:00,2024-03-09 07:25:19.928145,44.3321357535327,8.304897423225729,398.389843775514,449.97979542474087,31.52332608741504,11.240014425739373,"[144, 147, 139, 136, 142, 143, 133, 143]",1.9,0.0,16.3,11.6,14.4,13.155633549539466,70.25769371720989,2641,muy facil,acompañado
2024-03-16,2024-03-16 07:24:00,2024-03-16 08:11:55.105943,47.91843238511769,8.165394708927717,448.58878030589443,478.66963277058625,7.62179055912884,10.224117487779537,"[148, 150, 134, 143, 149, 133, 143, 142]",17.3,25.8,3.2,1.3,0.3,8.683873319031795,68.23295047261766,2305,muy facil,solo
2024-03-23,2024-03-23 11:38:00,2024-03-23 12:28:43.669590,50.727826506909466,8.294043982535372,374.36945288469985,448.7009404244803,30.45735132540341,9.810052454826545,"[134, 135, 136, 152, 144, 146, 143, 139]",17.7,3.7,12.4,10.8,6.1,12.32098078550499,62.60465954093825,2524,muy facil,solo
2024-03-30,2024-03-30 09:57:00,2024-03-30 10:48:40.980419,51.68300697741988,8.137107694392638,436.87914009657004,484.79147683359315,24.19019009366045,9.446556812703694,"[142, 135, 141, 137, 138, 148, 147, 145]",0.6,7.9,30.2,1.8,11.2,30.03380112594522,42.90531450204995,2294,muy facil,acompañado
2024-04-06,2024-04-06 11:04:00,2024-04-06 11:54:59.757042,50.995950706061144,8.779228823548884,434.94286472262684,460.5186133853902,8.448202488595681,10.32932462518687,"[140, 140, 136, 134, 136, 138, 148, 142, 143]",2.8,14.4,18.6,8.7,6.6,28.58008986654389,38.89703162436603,2747,muy facil,solo
2024-04-13,2024-04-13 11:59:00,2024-04-13 12:47:30.670805,48.51118007539371,8.484547435415863,421.3931315438657,497.2288444225007,20.81829358547565,10.493928313716046,"[141, 139, 140, 136, 140, 136, 148, 142]",3.0,13.1,12.6,10.2,9.7,27.206975218127745,37.28885700080166,2706,muy facil,acompañado
2024-04-20,2024-04-20 09:30:00,2024-04-20 10:19:42.689502,49.7114917051213,9.389463290757305,428.7337765810828,494.62236463526256,20.103526198433805,11.332747783696057,"[135, 144, 142, 133, 138, 127, 143, 143, 138]",20.7,6.4,18.6,2.9,1.1,10.83303092775919,64.07733751938062,2835,muy facil,solo
2024-04-27,2024-04-27 08:30:00,2024-04-27 09:17:32.039984,47.53399973511117,8.681202913139266,405.7570922799548,433.04018864530053,15.890688437008158,10.957886516829587,"[134, 146, 144, 153, 137, 141, 141, 147, 139]",7.1,2.1,23.1,1.3,14.0,16.18150331828103,75.5145842561781,2679,muy facil,acompañado
2024-05-04,2024-05-04 11:04:00,2024-05-04 11:50:29.212466,46.48687443747244,8.74103285782931,415.03954734503776,463.9201964431572,14.537555517475173,11.281936628697002,"[144, 137, 142, 132, 152, 136, 142, 148, 137]",7.1,2.2,0.1,2.6,34.5,17.852489492956696,50.67385568301731,2461,muy facil,solo
2024-05-11,2024-05-11 11:41:00,2024-05-11 12:32:15.280181,51.2546696777166,8.862128158669886,444.3997330575142,490.65592050083774,8.791776344796126,10.374229174895381,"[149, 148, 143, 146, 139, 143, 136, 142, 142]",2.9,18.4,0.4,23.3,6.2,23.36615003862554,32.292009533131136,2275,muy facil,acompañado
2024-05-18,2024-05-18 08:00:00,2024-05-18 08:55:57.983149,55.966385817054906,8.609252180036506,441.20753099785367,478.999665875113,32.00413907944426,9.22973894527915,"[139, 138, 146, 145, 148, 136, 139, 143, 137]",22.8,4.3,4.0,2.2,22.7,25.915112077220275,65.41473394476219,2517,muy facil,acompañado
2024-05-25,2024-05-25 11:49:00,2024-05-25 12:37:51.416323,48.856938712205334,8.788848109493145,399.5093210031965,448.67025118184887,19.328164193380832,10.79336733879014,"[143, 137, 141, 138, 131, 147, 139, 138, 143]",27.8,8.1,10.5,1.9,0.5,18.393291644356935,30.699318949279142,2894,muy facil,acompañado
2024-06-01,2024-06-01 07:31:00,2024-06-01 08:24:08.249919,53.137498656664555,9.17385622219432,422.1425336626591,457.6484308801682,41.289465557456,10.358624083684143,"[145, 141, 140, 138, 146, 151, 143, 143, 138]",2.0,31.5,11.3,6.7,1.6,7.480513968171207,83.08213581698482,2651,muy facil,solo
2024-06-22,2024-06-22 09:12:00,2024-06-22 10:09:14.062829,57.23438047851979,8.951290977193018,436.98248629216783,463.3383290456774,34.35247026472536,9.38382584281047,"[143, 136, 145, 146, 140, 145, 143, 141, 135]",2.5,1.5,13.0,31.7,8.6,25.043397365457746,74.83151114642024,2678,muy facil,solo
2024-07-06,2024-07-06 07:40:00,2024-07-06 08:36:50.031701,56.833861685317274,9.405969801845469,390.88469808560006,442.3342483291698,22.309334408299947,9.929963781724286,"[143, 145, 144, 143, 125, 141, 137, 148, 145]",17.7,0.1,13.7,14.1,11.2,10.864645637662685,37.58025945375795,2850,muy facil,solo
2024-07-13,2024-07-13 11:39:00,2024-07-13 12:31:49.083355,52.81805591009274,9.126452153704324,399.27015497211215,471.72590320872644,3.3872050672223217,10.367423029623923,"[142, 139, 150, 150, 137, 144, 147, 146, 142]",10.5,19.0,1.6,3.8,17.9,15.083490095892683,36.73072165288479,2818,muy facil,solo
2024-07-20,2024-07-20 06:17:00,2024-07-20 07:15:19.180343,58.31967238529304,9.125208937710164,424.70523993401235,492.7872548831835,27.730999415388716,9.388127776943422,"[146, 146, 146, 144, 142, 145, 138, 151, 150]",8.5,4.5,24.2,16.4,4.7,23.837106943042027,81.12893075816262,2852,muy facil,solo
2024-07-27,2024-07-27 08:41:00,2024-07-27 09:34:33.944225,53.56573708202189,9.508624653739899,423.8892689231619,472.7436289683461,-2.2361203099553073,10.650791164336933,"[141, 137, 142, 146, 137, 137, 137, 132, 140, 146]",5.5,26.4,11.7,9.5,0.5,9.222308718893094,76.91992928720077,2412,muy facil,acompañado
2024-08-03,2024-08-03 07:57:00,2024-08-03 08:46:21.380405,49.356340088209585,9.63511563454437,462.30038233930225,487.485858985055,12.71843223932213,11.712921522128063,"[148, 140, 145, 148, 144, 142, 144, 139, 139, 137]",2.9,14.0,8.4,1.5,22.7,13.334866071076272,82.08697932562976,3154,muy facil,solo
2024-08-10,2024-08-10 10:40:00,2024-08-10 11:33:07.838749,53.13064581595576,9.400746176513847,444.4186196281096,523.249628948176,39.14712305997992,10.61618510237347,"[135, 145, 141, 148, 144, 138, 141, 141, 142]",3.5,7.0,10.6,21.3,10.8,25.230660242785962,45.98231578934953,2942,muy facil,acompañado
2024-08-17,2024-08-17 11:59:00,2024-08-17 12:58:21.467330,59.35778883432579,9.521713275884311,437.60672513547115,505.2461081175515,-1.3313303507051053,9.624731779474274,"[142, 144, 138, 140, 139, 143, 145, 144, 150, 138]",21.5,8.2,14.8,14.6,0.2,14.278906200445782,45.533699427758144,2678,muy facil,acompañado
2024-08-24,2024-08-24 08:05:00,2024-08-24 09:01:44.676428,56.74460713061664,9.30899086118192,390.12523401788906,433.96811744700807,18.728685583480022,9.843040244956677,"[138, 138, 137, 137, 145, 142, 147, 152, 133]",5.2,4.9,2.4,10.5,33.8,9.482926462237277,63.7410226251547,2597,muy facil,solo
2024-08-31,2024-08-31 08:49:00,2024-08-31 09:45:52.918097,56.881968282592524,9.21504677162106,421.84762878826314,463.66921627363155,20.896622511082597,9.720177113956645,"[138, 148, 142, 144, 144, 139, 144, 138, 140]",8.9,11.6,2.5,10.8,23.1,15.23373240791563,83.54015644868952,2552,muy facil,acompañado
2024-09-07,2024-09-07 06:51:00,2024-09-07 07:49:52.564374,58.87607289809983,9.733012713171496,457.9681290989897,496.81177679855364,27.367577554410882,9.918813094090336,"[139, 139, 150, 144, 144, 145, 136, 152, 134, 146]",37.2,13.1,4.9,2.1,1.6,27.780907812981557,43.96861810146136,2457,muy facil,acompañado
2024-09-14,2024-09-14 10:15:00,2024-09-14 11:14:27.359509,59.45599181244195,9.604728040352878,426.6089721117064,446.8380001591672,10.768673895421516,9.69260901809694,"[145, 141, 144, 139, 141, 140, 150, 144, 143, 146]",9.8,44.3,0.7,0.7,3.8,6.5955350321128385,79.4366063499136,2901,muy facil,solo
2024-09-21,2024-09-21 11:58:00,2024-09-21 12:54:13.055776,56.21759626967534,9.28173272917378,403.48270156732923,437.0865245427399,10.48149525325376,9.906221551682203,"[141, 144, 139, 147, 145, 143, 143, 153, 147]",8.9,27.0,10.9,0.3,9.1,19.382248942561986,64.92990082503454,2654,muy facil,solo
2024-10-05,2024-10-05 11:52:00,2024-10-05 12:48:04.073312,56.06788853080581,9.87755942369455,409.2349845519414,465.13643360980694,17.037325564911182,10.570285076743112,"[145, 147, 147, 143, 146, 139, 143, 140, 139, 143]",4.4,4.5,17.1,0.6,29.4,27.447084888414164,62.94381794974658,2560,muy facil,solo
2024-10-12,2024-10-12 10:08:00,2024-10-12 11:07:59.727995,59.995466581896665,10.092579160488466,465.3801424772024,511.2057870964618,46.875343656969605,10.093341782794488,"[153, 137, 149, 151, 137, 146, 138, 143, 141, 130]",4.1,6.1,16.0,9.9,23.9,22.610055007727755,82.2792078922412,3008,muy facil,solo
2024-10-19,2024-10-19 06:00:00,2024-10-19 06:57:43.751022,57.729183695212384,9.485371123363016,439.2578534405196,513.7006633232904,15.30447820938667,9.858484582191998,"[130, 135, 155, 139, 148, 143, 140, 146, 131]",5.0,11.7,11.1,11.8,18.0,10.899765527561518,51.823826589747405,2405,muy facil,solo
2024-10-26,2024-10-26 06:08:00,2024-10-26 07:03:40.596128,55.67660214043019,9.825766663448809,462.7184274998767,531.8108276247716,30.38239592865757,10.588756805236558,"[143, 150, 139, 144, 146, 147, 137, 148, 138, 147]",17.9,0.6,23.6,1.0,12.6,6.095085913706399,77.93787500085269,2658,muy facil,acompañado
2024-11-02,2024-11-02 09:29:00,2024-11-02 10:31:00.331225,62.0055204131473,10.226378922820318,477.3713465986714,502.9084341230668,31.32034986295036,9.895614636904465,"[154, 149, 149, 144, 147, 137, 143, 145, 137, 144]",27.9,6.3,4.7,16.8,6.4,27.383478778728257,84.51947747034983,3227,muy facil,solo
2024-11-09,2024-11-09 06:11:00,2024-11-09 07:16:51.595053,65.85991755741304,10.061438746568323,413.8989877542553,468.53098095832837,0.4060977390925622,9.166217438214055,"[146, 137, 147, 148, 139, 150, 141, 144, 144, 142]",14.4,11.6,20.6,13.0,6.2,13.609404094670749,62.02093106267626,2814,muy facil,solo
2024-11-23,2024-11-23 06:53:00,2024-11-23 07:57:01.945489,64.03242481947935,10.509763861302497,485.2781992691141,527.7513724903214,17.4674508997479,9.847914294295457,"[137, 149, 150, 140, 142, 134, 139, 147, 151, 136, 140]",3.3,47.4,9.1,3.6,0.6,31.67697108620098,54.97008916578632,3206,muy facil,solo
2024-11-30,2024-11-30 10:49:00,2024-11-30 11:49:34.708918,60.57848195878725,10.245664318736516,467.0672929284869,510.1196957076349,20.06422269810938,10.147825419963654,"[141, 151, 145, 141, 146, 141, 149, 144, 142, 145]",3.2,2.5,39.1,13.9,1.9,15.408821427896903,48.72129073399781,3005,muy facil,solo
2024-12-07,2024-12-07 10:40:00,2024-12-07 11:47:35.852700,67.59754499845528,10.969390043857791,486.9957731252599,533.4222541440054,25.00844474944457,9.736498605777882,"[133, 146, 137, 144, 153, 138, 130, 141, 148, 152, 137]",18.0,15.0,10.8,3.0,20.9,15.668719068136603,32.17027430899946,3159,muy facil,acompañado
2024-12-14,2024-12-14 09:53:00,2024-12-14 10:57:17.405860,64.29009766970957,10.426121898448374,470.006910896518,522.0101086224397,16.382369311631862,9.73038362954051,"[144, 145, 143, 148, 142, 134, 149, 138, 139, 140]",14.4,2.9,19.1,26.3,1.5,18.80443747942028,57.077901400065,3088,muy facil,acompañado
2024-12-21,2024-12-21 08:52:00,2024-12-21 09:59:19.398857,67.32331427951246,10.383531799815115,465.299376492531,534.9505118189091,24.14698528730887,9.254029078281716,"[150, 146, 128, 146, 144, 143, 141, 148, 147, 139]",35.3,2.5,1.3,21.7,6.5,13.083680886035394,49.72935389793574,3264,muy facil,solo
2024-12-28,2024-12-28 08:55:00,2024-12-28 09:59:49.269412,64.82115686137361,10.884080061459866,474.92077924832535,554.3535412145334,18.76271663732827,10.074562616711582,"[141, 144, 143, 140, 144, 150, 139, 148, 137, 153, 147]",11.7,0.8,0.1,32.2,20.1,20.580097940471592,68.37659518403862,2726,muy facil,acompañado
2025-01-04,2025-01-04 08:58:00,2025-01-04 10:03:10.310372,65.17183953318809,10.737879882145775,465.71804778656093,494.42983855964053,3.821660944416781,9.885754300377807,"[139, 140, 149, 144, 135, 144, 150, 140, 146, 139, 142]",15.9,14.1,3.0,25.5,6.6,27.178663774350017,60.50615414193025,3231,muy facil,acompañado
2025-01-11,2025-01-11 07:13:00,2025-01-11 08:20:40.170397,67.6695066093513,10.08052598923422,447.6692827296362,485.860926297299,25.237711098328937,8.938022303689607,"[134, 138, 148, 138, 142, 146, 140, 146, 151, 144]",1.9,36.8,18.9,7.6,2.6,17.60813599901749,48.72039104681695,3278,muy facil,acompañado
2025-01-18,2025-01-18 10:27:00,2025-01-18 11:34:30.289965,67.50483274370524,10.51810738002405,447.4019037037017,483.62550088677324,15.23779126455341,9.348759446564088,"[147, 143, 153, 151, 136, 145, 139, 144, 143, 138, 148]",14.5,20.8,5.3,22.5,4.4,7.844852900773125,73.00031248397146,3171,muy facil,acompañado
2025-01-25,2025-01-25 07:16:00,2025-01-25 08:22:25.426503,66.42377505254287,10.612507264092521,408.6622901867889,456.12426649634654,20.168907162424837,9.586182588114958,"[149, 141, 141, 145, 141, 153, 142, 145, 148, 151, 139]",5.8,11.4,11.5,1.3,36.3,22.59427353288647,70.62286019727819,2921,muy facil,solo
2025-02-01,2025-02-01 09:43:00,2025-02-01 10:47:20.766569,64.34610948848406,11.164399926177206,463.88184728873404,495.8347637823772,16.713815242510154,10.410326294715874,"[146, 135, 137, 142, 130, 147, 131, 143, 143, 146, 143]",17.6,2.3,4.5,27.9,12.0,19.013871563497815,67.26482471024242,3069,muy facil,solo
2025-02-08,2025-02-08 09:15:00,2025-02-08 10:21:21.736225,66.3622704185684,11.214271028508678,475.6028732189242,511.5378431964405,21.92234764195231,10.139138662173517,"[148, 136, 146, 146, 132, 138, 141, 142, 139, 139, 151]",0.4,7.7,32.8,16.1,9.4,17.792865366744557,33.181444719593834,3662,muy facil,solo
2025-02-22,2025-02-22 06:54:00,2025-02-22 08:00:28.639356,66.47732260442329,11.011127249918344,476.31070878218276,500.84701121918783,7.398352348274198,9.938240727991365,"[140, 145, 141, 137, 151, 137, 147, 146, 142, 142, 134]",3.9,2.7,17.4,27.1,15.4,29.033810709692396,68.92467426471401,2807,muy facil,solo
2025-03-08,2025-03-08 06:49:00,2025-03-08 07:53:19.965579,64.33275965155659,10.903253557701268,473.3385772427107,507.85217488948405,25.84572627949568,10.168928194676743,"[154, 134, 140, 143, 142, 137, 145, 145, 143, 145, 141]",11.5,18.9,1.3,5.3,27.3,21.02614525522722,34.01948591148582,3268,muy facil,solo
2025-03-29,2025-03-29 07:05:00,2025-03-29 08:08:56.874669,63.94791114967431,11.264612480395511,469.9923911008874,544.4663187276645,24.258872061930358,10.569176329181364,"[143, 150, 149, 144, 137, 143, 151, 146, 142, 146, 137]",23.9,3.0,10.9,21.4,4.8,10.996048508719657,47.69184943127517,3580,muy facil,acompañado
2025-04-05,2025-04-05 08:21:00,2025-04-05 09:28:53.390448,67.88984079187821,11.130160215612253,520.2484411736367,547.3585985895259,17.529742992540033,9.836664884573223,"[140, 150, 150, 140, 134, 148, 140, 147, 133, 148, 137]",2.8,4.1,20.3,40.3,0.4,10.173009534840297,80.50314976714904,2873,muy facil,solo
2025-04-12,2025-04-12 07:58:00,2025-04-12 09:09:47.537541,71.79229235719957,11.077889106121965,490.67359679218316,567.7011470267009,4.597523679689232,9.25828281203591,"[153, 142, 148, 143, 151, 136, 143, 137, 145, 148, 141]",16.5,13.8,27.0,6.3,8.3,10.591046848693091,33.913705684538805,2830,muy facil,solo
2025-04-19,2025-04-19 08:36:00,2025-04-19 09:43:17.398172,67.289969541109,11.223232364125002,498.5695099182395,539.725666273971,27.44584027199679,10.007345023928242,"[142, 147, 152, 155, 140, 144, 150, 139, 140, 140, 143]",33.7,14.0,12.0,0.9,6.6,28.833828278182395,32.854551897301995,2977,muy facil,acompañado
2025-04-26,2025-04-26 09:37:00,2025-04-26 10:46:44.377738,69.7396289591301,11.543582098518588,515.3461728822871,560.3028071571983,25.91108613538543,9.931439788947145,"[150, 136, 141, 145, 151, 142, 138, 151, 141, 135, 144, 142]",33.5,25.2,4.3,4.7,2.0,14.766176881208677,82.20647447787817,3469,muy facil,acompañado
2025-05-03,2025-05-03 08:20:00,2025-05-03 09:37:42.071216,77.70118692805552,11.78701298501854,500.91160829500876,563.4209901445766,7.9423787154446135,9.101801491860567,"[142, 141, 148, 141, 141, 139, 146, 145, 141, 140, 153, 134]",7.0,3.7,57.7,4.6,4.7,18.027511346354736,57.86699569405101,3311,muy facil,solo
2025-05-10,2025-05-10 09:17:00,2025-05-10 10:29:40.770961,72.67951600960517,11.476816459284978,480.45565219168265,537.410367132286,20.5392042530578,9.474595117915943,"[158, 138, 143, 144, 144, 149, 151, 148, 141, 139, 143]",24.1,15.0,15.3,11.0,7.3,13.44730534308851,81.44134041999303,3650,muy facil,acompañado
2025-05-17,2025-05-17 08:50:00,2025-05-17 10:01:48.554433,71.80924054652314,11.258070641766759,461.4023274120511,502.57983761919246,8.982068020801064,9.406647854301966,"[140, 148, 152, 140, 141, 143, 146, 143, 150, 149, 137]",21.2,8.9,28.8,11.3,1.5,16.295014330761564,71.3016889099825,2905,muy facil,acompañado
2025-05-24,2025-05-24 10:23:00,2025-05-24 11:36:33.774270,73.56290449672449,11.347877315342949,450.32790184535276,529.1500263018838,20.327969954115865,9.255651929171638,"[140, 140, 152, 138, 135, 139, 140, 135, 143, 148, 137]",2.5,45.5,1.6,6.7,17.3,31.15050795589709,63.20004603076563,2906,muy facil,acompañado
2025-05-31,2025-05-31 10:46:00,2025-05-31 11:58:08.990830,72.14984717417713,11.60570777692232,494.08923967496224,551.5081663723782,11.87272043081568,9.651336681757579,"[149, 148, 136, 148, 147, 136, 142, 145, 152, 147, 139, 152]",15.0,4.5,0.2,48.2,4.2,5.415662075665329,62.060933124234474,3136,muy facil,solo
2025-06-14,2025-06-14 09:18:00,2025-06-14 10:30:52.241489,72.87069148855157,11.799245577191698,487.27347287928814,547.6211027607899,24.204524772475583,9.715219111688077,"[145, 144, 135, 141, 152, 141, 144, 143, 151, 150, 148, 139]",60.4,1.7,0.1,9.1,1.6,7.467570130957963,40.959868505674045,3778,muy facil,solo
2025-06-28,2025-06-28 09:46:00,2025-06-28 10:59:46.657121,73.77761868070986,11.67735523225282,487.00768569898435,532.4939775244875,26.977769010112127,9.496664794337706,"[142, 148, 134, 143, 141, 150, 135, 144, 142, 151, 147, 141]",6.1,22.9,22.8,11.7,10.2,14.007383303784165,77.58563410687961,3774,muy facil,acompañado
2025-07-05,2025-07-05 10:08:00,2025-07-05 11:25:23.879348,77.39798913371926,11.728876902734328,514.3152541437335,564.2811603357436,24.3608195512725,9.09238885971872,"[146, 150, 146, 137, 140, 131, 148, 139, 143, 143, 151, 144]",16.1,3.3,32.1,11.4,14.5,30.44834530304315,71.0727151743545,3608,muy facil,acompañado
2025-07-12,2025-07-12 09:18:00,2025-07-12 10:31:48.364491,73.80607485045005,11.666328979647677,469.95521396003596,520.8555535426193,11.74589470021045,9.48403962949118,"[146, 142, 143, 145, 144, 133, 142, 139, 144, 159, 145, 142]",11.4,6.6,6.5,26.2,23.1,23.27740114091461,76.0849606168492,3718,muy facil,solo
2025-07-19,2025-07-19 08:29:00,2025-07-19 09:50:22.177842,81.36963069448862,11.560733469402226,498.49097827128475,529.2461736156416,10.736188700184616,8.52460558372813,"[149, 148, 137, 144, 140, 137, 143, 142, 156, 146, 137, 141]",55.0,12.1,5.8,8.4,0.1,10.927955927204653,82.79245414924003,3460,muy facil,solo
2025-07-26,2025-07-26 10:08:00,2025-07-26 11:18:50.523004,70.84205006328612,11.386022684458286,522.0698706188928,584.1986363898026,23.89614177370904,9.643444260255047,"[139, 144, 139, 145, 139, 142, 139, 147, 148, 142, 144]",3.0,11.0,8.4,32.5,15.9,16.320334851482592,30.996822257515134,3568,muy facil,acompañado
2025-08-02,2025-08-02 06:58:00,2025-08-02 08:09:39.253545,71.65422575609936,12.786237927308992,497.4166076672416,555.1221950641168,9.035975138485986,10.706615939859429,"[148, 143, 150, 149, 141, 137, 143, 140, 143, 150, 141, 143, 144]",0.1,16.5,9.8,23.2,22.1,6.808287524682331,78.25427492230612,3594,muy facil,solo
2025-08-09,2025-08-09 06:39:00,2025-08-09 07:53:34.793947,74.57989911570411,12.113385107683843,526.8362068206333,572.8445407859713,15.080975524937948,9.745294845913643,"[141, 143, 141, 133, 148, 150, 147, 138, 143, 144, 147, 147]",56.4,7.9,3.7,2.4,4.1,19.807317400826193,33.65548291769497,3771,muy facil,acompañado
2025-08-16,2025-08-16 07:57:00,2025-08-16 09:15:54.811177,78.91351961947419,12.336717006212657,510.09445771390364,538.5139288055145,34.10459145203504,9.379926582188498,"[145, 146, 145, 145, 152, 149, 145, 148, 139, 146, 153, 143]",22.9,19.9,27.9,3.8,4.5,12.315452854541867,41.12397992884942,3393,muy facil,solo
2025-08-23,2025-08-23 10:58:00,2025-08-23 12:18:01.662339,80.02770564560856,12.408136814526662,551.7510202749914,579.7700551596225,34.21282982952499,9.302880831901655,"[155, 146, 140, 147, 150, 144, 135, 142, 149, 146, 143, 150]",8.2,8.4,44.4,7.9,11.1,31.54925273409862,73.268958738902,3870,muy facil,solo
2025-08-30,2025-08-30 09:11:00,2025-08-30 10:27:22.085755,76.36809592405758,12.04778489547617,467.19542797324385,512.1098863132863,17.406082440627436,9.465563924068606,"[137, 142, 152, 144, 153, 140, 145, 142, 147, 148, 147, 149]",19.9,15.8,9.0,17.7,13.9,5.154401696741311,55.62041642727186,3562,muy facil,solo
2025-09-06,2025-09-06 10:12:00,2025-09-06 11:33:38.663470,81.64439117068315,12.07072940926991,465.5274572091554,524.7879775387186,26.40533591631034,8.870710580009272,"[149, 154, 149, 146, 152, 153, 153, 141, 137, 141, 147, 145]",5.2,0.3,28.5,19.3,28.3,30.086767040417495,48.804790295801965,3527,muy facil,solo
2025-09-13,2025-09-13 08:04:00,2025-09-13 09:25:45.322376,81.75537293454363,12.46479469336747,525.4560637708613,548.6569435901952,35.973727899525144,9.14787193498383,"[144, 137, 149, 149, 137, 148, 146, 139, 138, 146, 142, 153]",8.0,14.9,15.0,6.2,37.7,23.029535973285128,76.0551893873583,3285,muy facil,solo
2025-09-20,2025-09-20 09:49:00,2025-09-20 11:09:22.154221,80.36923701200719,12.749260154110152,535.6618656873005,603.8305217767705,24.997664384960224,9.518015072512439,"[136, 147, 145, 148, 135, 149, 140, 143, 149, 145, 146, 148, 146]",48.6,11.5,10.1,7.7,2.5,28.92452275345662,40.81594717241273,3939,muy facil,solo
2025-09-27,2025-09-27 06:34:00,2025-09-27 07:52:10.600578,78.17667629235385,12.219037631164714,492.74542631560576,554.2181348787982,36.254318591587804,9.378017749541861,"[151, 152, 139, 142, 147, 151, 145, 138, 142, 141, 144, 150]",40.5,21.4,2.0,6.1,8.2,31.603203471756707,39.13120030035734,3166,muy facil,acompañado
2025-10-04,2025-10-04 09:55:00,2025-10-04 11:06:59.270053,71.98783421179034,12.326583050991752,498.48358354705346,556.318440042039,15.512834313349012,10.27388851404523,"[149, 148, 151, 144, 138, 140, 149, 145, 143, 146, 144, 152]",4.5,3.7,38.2,1.9,23.6,12.611814158427688,50.00953026275134,3269,muy facil,acompañado
2025-10-11,2025-10-11 06:47:00,2025-10-11 08:04:45.154212,77.7525702059192,12.565422652595817,514.5545136253983,574.4066164097054,21.73961149685708,9.696468646104687,"[139, 148, 154, 149, 150, 145, 143, 146, 140, 146, 131, 144, 151]",19.9,38.7,0.2,10.2,8.7,24.878474873613495,58.209338053534516,4015,muy facil,solo
2025-10-18,2025-10-18 11:03:00,2025-10-18 12:20:45.911387,77.7651897789799,12.838586985866614,525.6165728112217,575.0624732139632,17.802495041572712,9.905656005487108,"[150, 141, 143, 148, 147, 152, 156, 155, 151, 147, 151, 152, 143]",7.4,33.3,13.2,12.2,11.7,11.265504971931211,44.59535613810865,3778,muy facil,acompañado
2025-10-25,2025-10-25 10:16:00,2025-10-25 11:35:12.121025,79.20201708247373,12.300074159673562,491.8314103091314,568.741586902223,21.42092245620345,9.318000686925984,"[147, 148, 152, 144, 152, 146, 145, 151, 140, 154, 143, 138]",31.5,18.8,10.9,0.1,18.0,23.090878520804303,55.75816022635974,3836,muy facil,solo
2025-11-08,2025-11-08 10:22:00,2025-11-08 11:45:33.630351,83.56050585616758,12.272322005356568,523.0663350318637,594.2452547516991,26.492287903050983,8.81204957745053,"[148, 149, 152, 154, 148, 146, 137, 145, 145, 143, 147, 150]",3.9,6.5,10.0,23.7,39.4,16.640034937619134,34.81517652152793,3345,muy facil,acompañado
2025-11-15,2025-11-15 08:10:00,2025-11-15 09:29:32.687293,79.54478820841395,12.451022179103115,486.62913153682905,524.2556859072924,21.199506801587425,9.391706830481768,"[142, 145, 157, 148, 143, 141, 134, 147, 154, 140, 134, 141]",20.7,24.1,4.9,8.0,22.0,8.840891473974017,47.22397610063774,3958,muy facil,acompañado
